               epoch,      train/box_loss,      train/obj_loss,      train/cls_loss,   metrics/precision,      metrics/recall,     metrics/mAP_0.5,metrics/mAP_0.5:0.95,        val/box_loss,        val/obj_loss,        val/cls_loss,               x/lr0,               x/lr1,               x/lr2
                                    0,             0.11997,            0.065064,                   0,            0.080415,            0.069238,            0.019993,           0.0042494,              0.1068,            0.072209,                   0,           0.0033292,           0.0033292,            0.070037
                   1,            0.095542,            0.060472,                   0,             0.53967,              0.2984,             0.29392,             0.11152,            0.080036,            0.054405,                   0,           0.0066624,           0.0066624,            0.040037
                   2,            0.083372,            0.057798,                   0,             0.56041,             0.37774,             0.35978,             0.15124,            0.071268,            0.052916,                   0,           0.0099949,           0.0099949,            0.010036
                   3,            0.075975,            0.054868,                   0,             0.76296,             0.43859,             0.50086,             0.22577,            0.066355,            0.049439,                   0,           0.0099978,           0.0099978,           0.0099978
                   4,            0.071093,            0.053211,                   0,             0.80109,             0.48126,             0.54622,             0.25919,            0.062106,            0.048238,                   0,           0.0099978,           0.0099978,           0.0099978
                   5,            0.068315,            0.052267,                   0,             0.80441,             0.50275,              0.5681,             0.27064,            0.061037,            0.046686,                   0,           0.0099961,           0.0099961,           0.0099961
                   6,            0.065857,            0.051558,                   0,             0.82107,              0.5257,             0.59348,             0.29203,            0.059039,            0.045902,                   0,           0.0099938,           0.0099938,           0.0099938
                   7,            0.065163,            0.051032,                   0,             0.81695,             0.54546,             0.61016,             0.29868,            0.058149,            0.045768,                   0,           0.0099911,           0.0099911,           0.0099911
                   8,            0.064076,            0.050076,                   0,             0.82378,             0.55786,             0.62229,             0.31017,            0.057274,            0.045395,                   0,           0.0099879,           0.0099879,           0.0099879
                   9,            0.063064,            0.049102,                   0,             0.83664,             0.55408,             0.62672,             0.31049,            0.056754,            0.045162,                   0,           0.0099842,           0.0099842,           0.0099842
                  10,             0.06209,            0.048396,                   0,             0.82718,             0.56756,             0.63322,              0.3147,            0.056477,            0.044778,                   0,             0.00998,             0.00998,             0.00998
                  11,            0.061997,            0.049248,                   0,             0.84918,             0.56345,              0.6362,             0.32228,            0.055871,            0.044339,                   0,           0.0099753,           0.0099753,           0.0099753
                  12,            0.060855,            0.048523,                   0,             0.83464,             0.57601,             0.64296,             0.32735,            0.055183,            0.044573,                   0,           0.0099702,           0.0099702,           0.0099702
                  13,            0.061214,            0.048251,                   0,             0.83109,             0.57893,             0.64404,             0.32702,            0.055035,            0.044692,                   0,           0.0099645,           0.0099645,           0.0099645
                  14,            0.060437,            0.047727,                   0,             0.83493,             0.59032,             0.65426,             0.33633,            0.054349,            0.044071,                   0,           0.0099584,           0.0099584,           0.0099584
                  15,            0.060067,            0.048373,                   0,             0.83282,             0.59307,             0.65632,             0.33688,            0.054535,            0.044864,                   0,           0.0099517,           0.0099517,           0.0099517
                  16,            0.060193,            0.048537,                   0,             0.84318,             0.59968,             0.66627,              0.3423,            0.053973,             0.04402,                   0,           0.0099446,           0.0099446,           0.0099446
                  17,            0.059725,            0.048037,                   0,             0.84926,             0.59811,             0.66659,             0.34326,            0.053602,            0.043917,                   0,            0.009937,            0.009937,            0.009937
                  18,            0.059419,            0.048777,                   0,             0.84981,             0.60299,             0.67181,             0.34898,            0.053226,            0.044184,                   0,           0.0099289,           0.0099289,           0.0099289
                  19,            0.058707,            0.047444,                   0,             0.83902,             0.61553,             0.67723,             0.35028,              0.0532,            0.043783,                   0,           0.0099203,           0.0099203,           0.0099203
                  20,            0.058298,            0.047805,                   0,             0.84912,             0.61101,             0.67826,             0.35342,            0.052944,            0.043427,                   0,           0.0099112,           0.0099112,           0.0099112
                  21,            0.058168,            0.047523,                   0,              0.8509,             0.61375,             0.68065,             0.35632,            0.052633,            0.043292,                   0,           0.0099017,           0.0099017,           0.0099017
                  22,            0.058943,            0.047732,                   0,             0.85584,             0.61321,              0.6816,             0.35502,            0.052628,             0.04347,                   0,           0.0098916,           0.0098916,           0.0098916
                  23,            0.058004,            0.047194,                   0,             0.85225,             0.62037,              0.6863,             0.36017,            0.052261,            0.043132,                   0,           0.0098811,           0.0098811,           0.0098811
                  24,            0.057626,            0.047598,                   0,             0.85702,             0.62304,             0.69003,             0.36066,            0.052196,            0.043197,                   0,           0.0098701,           0.0098701,           0.0098701
                  25,            0.057327,            0.047001,                   0,             0.85492,             0.62277,             0.69107,             0.36214,            0.052056,            0.043172,                   0,           0.0098586,           0.0098586,           0.0098586
                  26,             0.05737,            0.046847,                   0,             0.85583,             0.62573,             0.69399,             0.36503,            0.051802,            0.043024,                   0,           0.0098467,           0.0098467,           0.0098467
                  27,            0.057515,            0.046477,                   0,             0.85302,             0.62833,             0.69251,             0.36426,            0.051725,            0.043065,                   0,           0.0098342,           0.0098342,           0.0098342
                  28,            0.057814,             0.04712,                   0,             0.86575,             0.62759,              0.6986,             0.36727,            0.051534,            0.043131,                   0,           0.0098213,           0.0098213,           0.0098213
                  29,            0.057291,            0.046402,                   0,             0.85848,             0.62951,             0.69841,             0.36898,            0.051432,            0.042838,                   0,           0.0098079,           0.0098079,           0.0098079
                  30,            0.056977,            0.046437,                   0,             0.86676,              0.6275,              0.6993,             0.36942,            0.051257,            0.042851,                   0,           0.0097941,           0.0097941,           0.0097941
                  31,             0.05699,            0.046922,                   0,             0.88064,             0.62463,             0.70407,             0.37263,            0.051108,            0.042786,                   0,           0.0097798,           0.0097798,           0.0097798
                  32,            0.056839,            0.046831,                   0,             0.85375,             0.64113,             0.70635,             0.37369,            0.051034,            0.042668,                   0,            0.009765,            0.009765,            0.009765
                  33,            0.056607,            0.046488,                   0,             0.86018,             0.63887,             0.70739,             0.37635,            0.050867,            0.042611,                   0,           0.0097497,           0.0097497,           0.0097497
                  34,            0.056591,            0.046862,                   0,             0.86818,             0.63912,             0.70961,             0.37637,            0.050874,              0.0426,                   0,            0.009734,            0.009734,            0.009734
                  35,            0.056169,             0.04662,                   0,             0.87741,             0.63327,             0.70998,              0.3764,             0.05079,            0.042577,                   0,           0.0097178,           0.0097178,           0.0097178
                  36,            0.055992,            0.045907,                   0,             0.87682,             0.63445,             0.71017,             0.37776,            0.050608,            0.042408,                   0,           0.0097011,           0.0097011,           0.0097011
                  37,            0.056075,            0.046892,                   0,             0.86755,              0.6402,             0.70997,             0.37764,            0.050515,            0.042438,                   0,            0.009684,            0.009684,            0.009684
                  38,            0.055828,            0.045404,                   0,             0.86088,             0.64454,             0.71207,             0.37906,            0.050421,            0.042512,                   0,           0.0096664,           0.0096664,           0.0096664
                  39,            0.055889,            0.045186,                   0,             0.86738,             0.64297,             0.71364,             0.38106,            0.050281,            0.042503,                   0,           0.0096484,           0.0096484,           0.0096484
                  40,            0.055633,            0.045326,                   0,             0.86918,             0.64308,             0.71584,              0.3824,            0.050216,            0.042474,                   0,           0.0096299,           0.0096299,           0.0096299
                  41,            0.055731,              0.0461,                   0,             0.86744,             0.64635,             0.71672,              0.3833,            0.050149,            0.042334,                   0,            0.009611,            0.009611,            0.009611
                  42,            0.055808,            0.045631,                   0,             0.86239,             0.65119,             0.71816,             0.38422,            0.050139,             0.04219,                   0,           0.0095916,           0.0095916,           0.0095916
                  43,            0.055589,            0.045204,                   0,             0.86537,             0.65106,              0.7181,             0.38514,            0.049987,            0.042248,                   0,           0.0095717,           0.0095717,           0.0095717
                  44,            0.055984,            0.046257,                   0,             0.86721,             0.65164,             0.72038,             0.38593,            0.049921,            0.042177,                   0,           0.0095514,           0.0095514,           0.0095514
                  45,             0.05572,            0.045828,                   0,             0.87344,             0.64733,             0.72019,             0.38614,            0.049917,             0.04217,                   0,           0.0095307,           0.0095307,           0.0095307
                  46,            0.055843,            0.044656,                   0,             0.87127,             0.65062,             0.72183,             0.38686,            0.049831,             0.04216,                   0,           0.0095095,           0.0095095,           0.0095095
                  47,            0.055053,            0.045346,                   0,             0.87815,              0.6459,             0.72102,             0.38637,            0.049754,            0.042411,                   0,           0.0094879,           0.0094879,           0.0094879
                  48,             0.05579,            0.046251,                   0,             0.86655,             0.65464,             0.72181,             0.38706,            0.049731,            0.042281,                   0,           0.0094659,           0.0094659,           0.0094659
                  49,            0.055313,            0.045774,                   0,             0.86956,             0.65128,             0.72229,             0.38791,            0.049688,             0.04225,                   0,           0.0094434,           0.0094434,           0.0094434
                  50,            0.055542,            0.046345,                   0,             0.85929,             0.66139,             0.72586,             0.38862,            0.049588,            0.042212,                   0,           0.0094205,           0.0094205,           0.0094205
                  51,            0.054963,            0.045287,                   0,             0.86481,             0.65964,              0.7267,             0.39063,             0.04948,            0.042155,                   0,           0.0093971,           0.0093971,           0.0093971
51,            0.055082,            0.045019,                   0,             0.87067,             0.65313,              0.7251,              0.3886,            0.049544,            0.042395,                   0,           0.0093971,           0.0093971,           0.0093971
                  52,            0.054896,            0.044783,                   0,             0.86102,             0.65976,              0.7256,             0.39044,            0.049471,            0.042248,                   0,           0.0091071,           0.0091071,           0.0091071
                  53,             0.05444,            0.045213,                   0,             0.87853,             0.65186,             0.72692,             0.39018,            0.049432,             0.04219,                   0,            0.009073,            0.009073,            0.009073
                  54,              0.0552,            0.045178,                   0,              0.8747,             0.65472,             0.72809,             0.39073,             0.04937,            0.042174,                   0,           0.0090383,           0.0090383,           0.0090383
                  55,            0.055413,            0.045609,                   0,             0.87879,             0.65396,             0.72874,             0.39233,            0.049309,            0.042151,                   0,           0.0090031,           0.0090031,           0.0090031
                  56,            0.055086,            0.045565,                   0,             0.87235,             0.65822,             0.72918,             0.39313,            0.049231,            0.042068,                   0,           0.0089673,           0.0089673,           0.0089673
                  57,            0.054367,            0.045754,                   0,             0.87133,             0.66037,              0.7304,             0.39352,            0.049192,            0.042077,                   0,            0.008931,            0.008931,            0.008931
                  58,            0.054905,            0.045668,                   0,             0.87204,             0.66021,             0.73059,             0.39345,            0.049176,             0.04206,                   0,           0.0088941,           0.0088941,           0.0088941
                  59,            0.054601,            0.045216,                   0,             0.87303,             0.65974,             0.73146,             0.39434,            0.049111,            0.042042,                   0,           0.0088567,           0.0088567,           0.0088567
                  60,            0.054496,             0.04493,                   0,             0.86731,             0.66216,             0.73052,             0.39358,            0.049093,            0.042151,                   0,           0.0088188,           0.0088188,           0.0088188
                  61,            0.054246,            0.044365,                   0,             0.85713,             0.66914,             0.73191,             0.39469,             0.04904,            0.042112,                   0,           0.0087804,           0.0087804,           0.0087804
                  62,            0.054438,            0.045151,                   0,             0.87757,             0.65837,             0.73246,             0.39546,            0.049013,            0.042073,                   0,           0.0087414,           0.0087414,           0.0087414
                  63,            0.053839,            0.044721,                   0,             0.87769,             0.65948,             0.73259,              0.3955,            0.048977,            0.042072,                   0,           0.0087019,           0.0087019,           0.0087019
                  64,            0.054556,            0.044779,                   0,             0.87952,             0.65875,             0.73305,             0.39617,            0.048942,            0.042046,                   0,           0.0086619,           0.0086619,           0.0086619
                  65,             0.05422,            0.044373,                   0,             0.87326,             0.66256,             0.73365,             0.39664,            0.048896,            0.042029,                   0,           0.0086214,           0.0086214,           0.0086214
                  66,             0.05405,            0.045169,                   0,             0.88033,             0.65878,             0.73382,             0.39696,             0.04887,            0.042027,                   0,           0.0085805,           0.0085805,           0.0085805
                  67,            0.054523,             0.04542,                   0,             0.87801,             0.66035,             0.73425,             0.39709,            0.048853,            0.042061,                   0,            0.008539,            0.008539,            0.008539
                  68,            0.054359,            0.045048,                   0,             0.87874,             0.66105,              0.7347,              0.3975,            0.048828,            0.042043,                   0,           0.0084971,           0.0084971,           0.0084971
                  69,             0.05429,            0.045833,                   0,             0.87647,             0.66374,             0.73605,             0.39798,            0.048786,            0.042018,                   0,           0.0084546,           0.0084546,           0.0084546
                  70,             0.05367,            0.044413,                   0,             0.87461,             0.66488,             0.73641,             0.39857,            0.048756,            0.042005,                   0,           0.0084118,           0.0084118,           0.0084118
                  71,            0.053552,            0.044976,                   0,             0.87515,             0.66449,             0.73646,             0.39875,            0.048734,            0.041985,                   0,           0.0083684,           0.0083684,           0.0083684
                  72,            0.053595,            0.044843,                   0,             0.86708,             0.66965,             0.73691,             0.39901,            0.048709,            0.041977,                   0,           0.0083246,           0.0083246,           0.0083246
                  73,            0.054341,            0.044893,                   0,             0.87602,             0.66534,             0.73737,             0.39941,             0.04869,            0.041965,                   0,           0.0082804,           0.0082804,           0.0082804
                  74,            0.053648,            0.044565,                   0,             0.86706,             0.67057,              0.7376,             0.39985,            0.048669,            0.041946,                   0,           0.0082357,           0.0082357,           0.0082357
                  75,            0.053474,             0.04511,                   0,             0.86701,             0.67123,             0.73799,             0.40019,            0.048654,            0.041935,                   0,           0.0081906,           0.0081906,           0.0081906
                  76,             0.05328,            0.044684,                   0,             0.86878,             0.66972,             0.73792,             0.40023,            0.048642,            0.041948,                   0,            0.008145,            0.008145,            0.008145
                  77,            0.053349,            0.044331,                   0,              0.8687,             0.67005,             0.73814,             0.40024,            0.048623,            0.041968,                   0,           0.0080991,           0.0080991,           0.0080991
                  78,            0.053568,            0.044087,                   0,             0.86284,             0.67352,              0.7383,             0.40055,            0.048603,            0.041963,                   0,           0.0080527,           0.0080527,           0.0080527
                  79,            0.054062,            0.044766,                   0,             0.85932,             0.67667,             0.73878,             0.40067,            0.048589,            0.041959,                   0,           0.0080059,           0.0080059,           0.0080059
                  80,            0.053608,            0.044166,                   0,             0.86328,             0.67431,              0.7389,             0.40103,            0.048571,             0.04196,                   0,           0.0079588,           0.0079588,           0.0079588
                  81,            0.053429,            0.044118,                   0,             0.85354,             0.67995,             0.73867,             0.40083,            0.048558,            0.041956,                   0,           0.0079112,           0.0079112,           0.0079112
                  82,            0.053241,            0.044531,                   0,             0.86872,             0.67022,             0.73877,             0.40112,            0.048539,            0.041951,                   0,           0.0078633,           0.0078633,           0.0078633
                  83,            0.053302,            0.044524,                   0,              0.8549,             0.67922,             0.73901,             0.40136,            0.048525,            0.041945,                   0,            0.007815,            0.007815,            0.007815
                  84,            0.053232,             0.04421,                   0,             0.85707,             0.67781,             0.73908,             0.40166,             0.04851,            0.041947,                   0,           0.0077663,           0.0077663,           0.0077663
                  85,            0.053225,            0.044682,                   0,             0.85437,             0.67977,             0.73908,             0.40196,            0.048495,            0.041942,                   0,           0.0077173,           0.0077173,           0.0077173
                  86,            0.052919,            0.044427,                   0,             0.85541,             0.67914,             0.73901,             0.40214,            0.048482,            0.041939,                   0,           0.0076679,           0.0076679,           0.0076679
                  87,            0.052808,            0.043706,                   0,             0.86968,             0.67062,             0.73945,             0.40225,            0.048473,            0.041935,                   0,           0.0076182,           0.0076182,           0.0076182
                  88,            0.053058,            0.044915,                   0,             0.85574,             0.67926,             0.73954,             0.40242,            0.048463,             0.04193,                   0,           0.0075681,           0.0075681,           0.0075681
                  89,            0.052697,             0.04332,                   0,             0.86093,             0.67632,             0.73977,              0.4024,            0.048452,            0.041922,                   0,           0.0075177,           0.0075177,           0.0075177
                  90,            0.052787,             0.04306,                   0,              0.8617,             0.67642,             0.74012,              0.4025,            0.048437,            0.041917,                   0,            0.007467,            0.007467,            0.007467
                  91,            0.052503,            0.043099,                   0,             0.87206,             0.66999,             0.74018,             0.40257,            0.048424,            0.041917,                   0,            0.007416,            0.007416,            0.007416
                  92,            0.052798,            0.044132,                   0,             0.87308,             0.66919,             0.74018,             0.40273,            0.048412,            0.041911,                   0,           0.0073647,           0.0073647,           0.0073647
                  93,            0.052839,            0.043657,                   0,             0.87851,             0.66671,             0.74049,             0.40285,            0.048403,             0.04191,                   0,           0.0073131,           0.0073131,           0.0073131
                  94,            0.052697,            0.043206,                   0,             0.87931,             0.66616,             0.74049,               0.403,            0.048393,            0.041902,                   0,           0.0072612,           0.0072612,           0.0072612
                  95,            0.053169,            0.044388,                   0,             0.87974,              0.6662,             0.74066,             0.40318,            0.048379,            0.041899,                   0,            0.007209,            0.007209,            0.007209
                  96,            0.052986,            0.043956,                   0,             0.87496,             0.66929,             0.74067,             0.40319,            0.048369,            0.041894,                   0,           0.0071566,           0.0071566,           0.0071566
                  97,            0.053036,            0.042664,                   0,              0.8614,             0.67752,             0.74104,             0.40337,             0.04836,            0.041885,                   0,           0.0071039,           0.0071039,           0.0071039
                  98,            0.052144,            0.043198,                   0,             0.87896,             0.66707,             0.74111,             0.40358,            0.048351,            0.041873,                   0,           0.0070509,           0.0070509,           0.0070509
                  99,            0.052963,            0.044037,                   0,             0.87928,             0.66692,             0.74098,             0.40365,            0.048343,            0.041876,                   0,           0.0069977,           0.0069977,           0.0069977
                 100,             0.05255,              0.0437,                   0,             0.87918,             0.66737,              0.7413,             0.40379,            0.048337,            0.041878,                   0,           0.0069442,           0.0069442,           0.0069442
                 101,            0.052784,            0.044204,                   0,             0.87319,             0.67117,             0.74164,             0.40387,            0.048329,            0.041872,                   0,           0.0068906,           0.0068906,           0.0068906
                 102,            0.052334,            0.043443,                   0,             0.87407,             0.67109,             0.74191,             0.40402,            0.048319,            0.041867,                   0,           0.0068367,           0.0068367,           0.0068367
                 103,             0.05244,            0.044302,                   0,             0.85885,             0.68053,             0.74204,             0.40414,            0.048309,             0.04187,                   0,           0.0067826,           0.0067826,           0.0067826
                 104,             0.05266,            0.043493,                   0,             0.87496,             0.67083,             0.74212,             0.40426,            0.048299,            0.041868,                   0,           0.0067283,           0.0067283,           0.0067283
                 105,            0.052373,            0.043578,                   0,             0.87618,             0.67032,             0.74215,             0.40433,            0.048292,            0.041868,                   0,           0.0066738,           0.0066738,           0.0066738
                 106,            0.052053,            0.042732,                   0,             0.87718,             0.66987,             0.74221,             0.40434,            0.048284,            0.041872,                   0,           0.0066191,           0.0066191,           0.0066191
                 107,            0.052478,            0.043189,                   0,             0.87718,             0.67025,              0.7424,             0.40444,            0.048277,            0.041863,                   0,           0.0065642,           0.0065642,           0.0065642
                 108,            0.052043,            0.043244,                   0,             0.87934,             0.66901,             0.74243,             0.40456,             0.04827,            0.041862,                   0,           0.0065092,           0.0065092,           0.0065092
                 109,            0.051925,            0.042662,                   0,             0.86803,             0.67584,             0.74251,             0.40477,            0.048261,            0.041855,                   0,            0.006454,            0.006454,            0.006454
                 110,            0.051983,            0.042422,                   0,             0.87911,             0.66941,             0.74264,             0.40475,            0.048254,            0.041852,                   0,           0.0063987,           0.0063987,           0.0063987
                 111,            0.052167,            0.043725,                   0,             0.87907,             0.66967,             0.74282,             0.40499,            0.048246,            0.041851,                   0,           0.0063432,           0.0063432,           0.0063432
                 112,             0.05222,             0.04369,                   0,               0.865,             0.67854,             0.74307,             0.40519,            0.048239,             0.04185,                   0,           0.0062876,           0.0062876,           0.0062876
                 113,            0.052033,            0.042514,                   0,             0.86941,             0.67594,             0.74341,              0.4053,            0.048232,            0.041847,                   0,           0.0062319,           0.0062319,           0.0062319
                 114,            0.052097,            0.043973,                   0,             0.86978,             0.67582,             0.74362,             0.40505,            0.048226,            0.041855,                   0,            0.006176,            0.006176,            0.006176
                 115,            0.052527,            0.043797,                   0,             0.86468,             0.67874,             0.74361,              0.4052,            0.048218,            0.041864,                   0,           0.0061201,           0.0061201,           0.0061201
                 116,            0.052594,            0.043445,                   0,             0.86407,             0.67918,             0.74375,             0.40518,            0.048213,            0.041864,                   0,            0.006064,            0.006064,            0.006064
                 117,            0.052162,            0.043309,                   0,             0.86489,             0.67895,             0.74397,             0.40541,            0.048206,             0.04186,                   0,           0.0060079,           0.0060079,           0.0060079
                 118,            0.051997,            0.042926,                   0,             0.86483,             0.67927,             0.74413,              0.4054,            0.048199,             0.04186,                   0,           0.0059516,           0.0059516,           0.0059516
                 119,            0.051597,            0.043221,                   0,             0.87507,             0.67318,             0.74421,             0.40544,             0.04819,            0.041865,                   0,           0.0058953,           0.0058953,           0.0058953
                 120,            0.051235,            0.042949,                   0,             0.87764,             0.67163,             0.74425,             0.40558,            0.048182,            0.041861,                   0,            0.005839,            0.005839,            0.005839
                 121,             0.05156,            0.041955,                   0,              0.8785,             0.67158,             0.74438,             0.40587,            0.048175,            0.041861,                   0,           0.0057826,           0.0057826,           0.0057826
                 122,            0.051348,            0.042529,                   0,             0.87643,             0.67303,             0.74454,             0.40585,            0.048167,            0.041863,                   0,           0.0057261,           0.0057261,           0.0057261
                 123,             0.05187,            0.043265,                   0,             0.85742,             0.68466,             0.74464,             0.40594,             0.04816,            0.041862,                   0,           0.0056696,           0.0056696,           0.0056696
                 124,             0.05177,             0.04326,                   0,             0.85885,             0.68413,             0.74513,             0.40598,            0.048152,            0.041862,                   0,           0.0056131,           0.0056131,           0.0056131
                 125,            0.051427,            0.042632,                   0,             0.87152,             0.67629,             0.74518,             0.40602,            0.048146,            0.041856,                   0,           0.0055565,           0.0055565,           0.0055565
                 126,            0.051164,            0.042432,                   0,             0.87306,             0.67579,             0.74521,             0.40617,            0.048139,            0.041852,                   0,              0.0055,              0.0055,              0.0055
                 127,             0.05127,            0.042311,                   0,             0.87418,             0.67491,             0.74511,             0.40624,            0.048134,            0.041857,                   0,           0.0054435,           0.0054435,           0.0054435
                 128,            0.050951,            0.041892,                   0,              0.8739,             0.67496,             0.74505,              0.4063,            0.048127,            0.041853,                   0,           0.0053869,           0.0053869,           0.0053869
                 129,            0.051469,             0.04234,                   0,             0.86945,             0.67781,             0.74525,              0.4065,             0.04812,            0.041853,                   0,           0.0053304,           0.0053304,           0.0053304
                 130,            0.051319,            0.042466,                   0,             0.87071,              0.6774,             0.74557,             0.40666,            0.048112,            0.041848,                   0,           0.0052739,           0.0052739,           0.0052739
                 131,            0.051523,            0.043734,                   0,             0.87096,               0.677,             0.74544,             0.40664,            0.048105,             0.04184,                   0,           0.0052174,           0.0052174,           0.0052174
                 132,            0.050961,            0.041721,                   0,             0.87762,             0.67329,             0.74555,             0.40676,            0.048098,            0.041846,                   0,            0.005161,            0.005161,            0.005161
                 133,            0.051009,            0.041615,                   0,              0.8793,             0.67241,             0.74568,             0.40692,            0.048092,            0.041842,                   0,           0.0051047,           0.0051047,           0.0051047
                 134,            0.051509,            0.042613,                   0,             0.87774,              0.6739,             0.74626,             0.40716,            0.048085,            0.041846,                   0,           0.0050484,           0.0050484,           0.0050484
                 135,             0.05053,            0.041744,                   0,             0.87919,             0.67318,             0.74617,             0.40728,            0.048078,             0.04184,                   0,           0.0049921,           0.0049921,           0.0049921
                 136,            0.050733,             0.04176,                   0,             0.87793,             0.67418,             0.74644,             0.40749,            0.048071,            0.041839,                   0,            0.004936,            0.004936,            0.004936
                 137,            0.051657,             0.04287,                   0,             0.87882,             0.67379,              0.7468,             0.40757,            0.048064,            0.041838,                   0,           0.0048799,           0.0048799,           0.0048799
                 138,            0.050676,            0.041935,                   0,             0.87802,               0.674,             0.74671,              0.4076,            0.048057,            0.041841,                   0,            0.004824,            0.004824,            0.004824
                 139,            0.051931,            0.043173,                   0,             0.86779,              0.6804,             0.74697,             0.40778,             0.04805,            0.041836,                   0,           0.0047681,           0.0047681,           0.0047681
                 140,            0.050962,             0.04241,                   0,             0.87894,             0.67377,             0.74708,             0.40792,            0.048041,            0.041831,                   0,           0.0047124,           0.0047124,           0.0047124
                 141,            0.050988,            0.041692,                   0,             0.87902,              0.6739,             0.74711,             0.40801,            0.048036,            0.041823,                   0,           0.0046568,           0.0046568,           0.0046568
                 142,            0.051016,            0.042431,                   0,             0.87928,             0.67393,             0.74711,             0.40823,             0.04803,            0.041825,                   0,           0.0046013,           0.0046013,           0.0046013
                 143,            0.051038,            0.041648,                   0,             0.88194,             0.67239,             0.74726,             0.40825,            0.048024,            0.041818,                   0,            0.004546,            0.004546,            0.004546
                 144,            0.051528,            0.042371,                   0,             0.87868,              0.6745,              0.7474,             0.40847,            0.048017,            0.041816,                   0,           0.0044908,           0.0044908,           0.0044908
                 145,            0.050326,            0.041458,                   0,             0.88005,             0.67385,             0.74754,             0.40853,            0.048009,             0.04181,                   0,           0.0044358,           0.0044358,           0.0044358
                 146,            0.050786,            0.042233,                   0,             0.86475,              0.6831,             0.74741,             0.40869,            0.048003,            0.041808,                   0,           0.0043809,           0.0043809,           0.0043809
                 147,            0.050688,            0.041912,                   0,             0.86349,             0.68365,              0.7472,             0.40877,            0.047995,            0.041807,                   0,           0.0043262,           0.0043262,           0.0043262
                 148,             0.05074,            0.042592,                   0,             0.86535,             0.68285,              0.7474,             0.40885,            0.047988,            0.041801,                   0,           0.0042717,           0.0042717,           0.0042717
                 149,            0.050281,            0.041633,                   0,             0.86667,             0.68232,             0.74761,             0.40898,            0.047982,            0.041801,                   0,           0.0042174,           0.0042174,           0.0042174
                 150,            0.049777,             0.04176,                   0,             0.86642,             0.68242,             0.74761,             0.40915,            0.047975,            0.041797,                   0,           0.0041633,           0.0041633,           0.0041633
                 151,            0.050036,            0.041517,                   0,             0.86623,             0.68256,             0.74786,             0.40941,            0.047968,            0.041791,                   0,           0.0041094,           0.0041094,           0.0041094
                 152,            0.050349,            0.041339,                   0,             0.86706,             0.68208,             0.74786,             0.40936,            0.047964,            0.041792,                   0,           0.0040558,           0.0040558,           0.0040558
                 153,            0.050509,            0.041491,                   0,             0.86746,             0.68211,             0.74819,             0.40956,            0.047957,            0.041795,                   0,           0.0040023,           0.0040023,           0.0040023
                 154,            0.049752,            0.041303,                   0,             0.86896,             0.68111,             0.74807,              0.4095,            0.047952,            0.041794,                   0,           0.0039491,           0.0039491,           0.0039491
                 155,            0.050441,            0.041614,                   0,             0.86874,             0.68151,              0.7483,             0.40959,            0.047946,            0.041795,                   0,           0.0038961,           0.0038961,           0.0038961
                 156,            0.049718,            0.040721,                   0,             0.86725,             0.68251,             0.74839,             0.40975,            0.047941,            0.041799,                   0,           0.0038434,           0.0038434,           0.0038434
                 157,            0.050365,            0.041127,                   0,             0.86638,              0.6831,              0.7485,              0.4099,            0.047935,            0.041799,                   0,            0.003791,            0.003791,            0.003791
                 158,            0.050624,            0.041426,                   0,             0.86729,             0.68277,             0.74871,             0.41006,            0.047931,            0.041799,                   0,           0.0037388,           0.0037388,           0.0037388
                 159,            0.049894,            0.040372,                   0,             0.87302,             0.67913,             0.74869,              0.4102,            0.047925,            0.041801,                   0,           0.0036869,           0.0036869,           0.0036869
                 160,            0.049846,            0.040678,                   0,              0.8687,             0.68219,             0.74897,             0.41033,            0.047918,              0.0418,                   0,           0.0036353,           0.0036353,           0.0036353
                 161,            0.050157,            0.041753,                   0,             0.87457,             0.67859,             0.74893,             0.41042,            0.047912,              0.0418,                   0,            0.003584,            0.003584,            0.003584
                 162,            0.049061,            0.040024,                   0,             0.87567,             0.67834,             0.74908,             0.41048,            0.047906,            0.041801,                   0,            0.003533,            0.003533,            0.003533
                 163,            0.049984,             0.04057,                   0,              0.8733,             0.68017,             0.74932,             0.41069,            0.047899,            0.041805,                   0,           0.0034823,           0.0034823,           0.0034823
                 164,            0.049378,            0.040758,                   0,             0.87411,             0.67987,             0.74957,             0.41083,            0.047893,              0.0418,                   0,           0.0034319,           0.0034319,           0.0034319
                 165,            0.049324,            0.040327,                   0,             0.87186,             0.68131,             0.74961,             0.41085,            0.047886,            0.041805,                   0,           0.0033818,           0.0033818,           0.0033818
                 166,            0.049615,            0.041447,                   0,             0.87217,             0.68136,             0.74988,             0.41101,            0.047879,            0.041804,                   0,           0.0033321,           0.0033321,           0.0033321
                 167,            0.049374,            0.040777,                   0,             0.87176,             0.68181,             0.74997,             0.41125,            0.047872,            0.041809,                   0,           0.0032827,           0.0032827,           0.0032827
                 168,             0.04933,            0.041203,                   0,             0.87853,             0.67793,             0.75021,             0.41137,            0.047866,            0.041814,                   0,           0.0032337,           0.0032337,           0.0032337
                 169,            0.049594,            0.040974,                   0,             0.87813,             0.67796,             0.74995,             0.41144,             0.04786,            0.041819,                   0,            0.003185,            0.003185,            0.003185
                 170,            0.049288,            0.040018,                   0,             0.87681,             0.67919,              0.7501,             0.41154,            0.047855,            0.041819,                   0,           0.0031367,           0.0031367,           0.0031367
                 171,            0.049236,            0.040489,                   0,             0.87645,             0.67997,             0.75044,             0.41172,             0.04785,            0.041824,                   0,           0.0030888,           0.0030888,           0.0030888
                 172,            0.049749,            0.041383,                   0,             0.87579,             0.68043,             0.75036,             0.41169,            0.047844,            0.041828,                   0,           0.0030412,           0.0030412,           0.0030412
                 173,            0.050085,            0.041413,                   0,             0.87601,             0.68038,              0.7504,             0.41181,            0.047838,            0.041828,                   0,           0.0029941,           0.0029941,           0.0029941
                 174,            0.049434,            0.041337,                   0,             0.87699,             0.67982,             0.75048,             0.41193,            0.047834,            0.041832,                   0,           0.0029473,           0.0029473,           0.0029473
                 175,            0.048867,             0.04016,                   0,             0.87646,             0.68028,             0.75082,             0.41201,             0.04783,            0.041836,                   0,           0.0029009,           0.0029009,           0.0029009
                 176,            0.049135,            0.040549,                   0,             0.87755,             0.67985,             0.75099,             0.41225,            0.047825,             0.04184,                   0,            0.002855,            0.002855,            0.002855
                 177,            0.047933,            0.039482,                   0,             0.87643,             0.68108,             0.75133,             0.41235,            0.047819,            0.041848,                   0,           0.0028094,           0.0028094,           0.0028094
                 178,            0.048977,            0.040811,                   0,             0.87656,             0.68136,             0.75168,             0.41243,            0.047814,            0.041856,                   0,           0.0027643,           0.0027643,           0.0027643
                 179,            0.048838,            0.040518,                   0,             0.87519,             0.68265,             0.75214,             0.41256,             0.04781,            0.041858,                   0,           0.0027196,           0.0027196,           0.0027196
                 180,            0.048848,            0.040434,                   0,              0.8785,             0.68125,             0.75243,             0.41264,            0.047807,            0.041867,                   0,           0.0026754,           0.0026754,           0.0026754
                 181,            0.049276,             0.04077,                   0,             0.87883,             0.68129,             0.75256,             0.41276,            0.047803,             0.04187,                   0,           0.0026316,           0.0026316,           0.0026316
                 182,            0.049134,            0.040537,                   0,             0.87425,             0.68392,              0.7525,             0.41293,              0.0478,            0.041878,                   0,           0.0025882,           0.0025882,           0.0025882
                 183,            0.048955,            0.040433,                   0,              0.8744,             0.68396,             0.75255,             0.41299,            0.047797,             0.04188,                   0,           0.0025454,           0.0025454,           0.0025454
                 184,            0.048549,            0.039975,                   0,             0.87946,             0.68055,              0.7524,             0.41299,            0.047793,            0.041893,                   0,           0.0025029,           0.0025029,           0.0025029
                 185,            0.048979,            0.040577,                   0,             0.87506,             0.68337,             0.75261,             0.41302,            0.047789,            0.041897,                   0,            0.002461,            0.002461,            0.002461
                 186,            0.047971,            0.039707,                   0,             0.87621,             0.68291,             0.75273,             0.41308,            0.047785,            0.041904,                   0,           0.0024195,           0.0024195,           0.0024195
                 187,            0.049003,            0.040447,                   0,             0.87619,             0.68325,             0.75301,             0.41319,            0.047783,            0.041911,                   0,           0.0023786,           0.0023786,           0.0023786
                 188,            0.048393,             0.03984,                   0,              0.8764,             0.68341,             0.75316,             0.41331,            0.047781,            0.041922,                   0,           0.0023381,           0.0023381,           0.0023381
                 189,             0.04893,            0.040179,                   0,             0.87681,             0.68305,              0.7532,             0.41337,             0.04778,             0.04193,                   0,           0.0022981,           0.0022981,           0.0022981
                 190,            0.048492,            0.040177,                   0,             0.87605,             0.68336,             0.75322,             0.41355,             0.04778,            0.041941,                   0,           0.0022586,           0.0022586,           0.0022586
                 191,            0.048668,            0.040367,                   0,             0.87595,             0.68315,             0.75324,             0.41367,            0.047777,            0.041953,                   0,           0.0022196,           0.0022196,           0.0022196
                 192,            0.048057,            0.039275,                   0,             0.87604,             0.68318,             0.75321,             0.41376,            0.047776,            0.041953,                   0,           0.0021812,           0.0021812,           0.0021812
                 193,            0.048688,            0.040431,                   0,              0.8769,             0.68263,             0.75327,             0.41389,            0.047774,            0.041969,                   0,           0.0021433,           0.0021433,           0.0021433
                 194,            0.047691,            0.039499,                   0,             0.87442,             0.68446,             0.75358,             0.41401,            0.047773,            0.041977,                   0,           0.0021059,           0.0021059,           0.0021059
                 195,            0.048505,            0.040492,                   0,             0.87691,             0.68277,             0.75361,             0.41414,            0.047772,            0.041988,                   0,            0.002069,            0.002069,            0.002069
                 196,            0.048041,            0.039515,                   0,             0.87454,             0.68434,             0.75374,             0.41413,            0.047771,            0.041996,                   0,           0.0020327,           0.0020327,           0.0020327
                 197,            0.048244,             0.04023,                   0,             0.87891,             0.68184,             0.75379,             0.41416,            0.047769,            0.042007,                   0,           0.0019969,           0.0019969,           0.0019969
                 198,            0.048098,            0.039199,                   0,             0.87956,             0.68126,             0.75371,             0.41425,            0.047768,            0.042018,                   0,           0.0019617,           0.0019617,           0.0019617
                 199,            0.047715,            0.038736,                   0,             0.87456,             0.68466,             0.75404,             0.41443,            0.047769,            0.042032,                   0,            0.001927,            0.001927,            0.001927
                 200,            0.047867,            0.039389,                   0,             0.87352,             0.68544,               0.754,             0.41446,            0.047772,            0.042046,                   0,           0.0018929,           0.0018929,           0.0018929
